<?xml version="1.0"?>
<ScatterFile xmlns="http://schemas.microsoft.com/netmf/ScatterfileSchema.xsd">

    <!-- Freescale MC9328L, NO SRAM, SDRAM 32M/64M -->

    <Set Name="Valid" Value="false"/>

    <!-- ################################################################################ -->

    <Set Name="Stack_Bottom"    Value="0x081FE000"/>
    <Set Name="Stack_Top"       Value="0x081FFFFC"/>

    
    <If Name="TARGETLOCATION" In="FLASH">

        <!-- iMXS has 8MB of 32-bit FLASH at 0x10000000 -->
        <Set Name="Code_BaseAddress" Value="0x10000000"/>
        <Set Name="Code_Size"        Value="0x00020000"/>
        <Set Name="RAM_RO_Base"      Value="0x00000000"/>
        <Set Name="Valid"            Value="true"/>

    </If>

    <If Name="TARGETLOCATION" In="RAM">

        <Set Name="Code_BaseAddress" Value="0x08200000"/> 
        <Set Name="Code_Size"        Value="0x00030000"/>
        <Set Name="RAM_RO_Base"      Value="+0"/>
        <Set Name="Valid"            Value="true"/>
        
    </If>


    <!-- ################################################################################ -->

    <If Name="Valid" Value="false">
        <Error Message="Configuration not recognized"/>
    </If>

    <!-- we start at 0x10080000 since PortBooter lives at 0x10000000 -->
    <!-- the address and sizes for both load regions (LR_*) are chosen to start and completely fill a flash partition in the 28F320W18 flash chip -->

    <LoadRegion Name="LR_%TARGETLOCATION%" Base="%Code_BaseAddress%" Options="ABSOLUTE" Size="%Code_Size%">

        <!-- we have arbitrarily asigned 0x00080000 offset in FLASH for the CLR code, and size of 0x00080000 -->

        <ExecRegion Name="ER_%TARGETLOCATION%" Base="%Code_BaseAddress%" Options="FIXED" Size="">

            <FileMapping Name="MicroBooterEntry.obj"   Options="(+RO, +FIRST)" /> <!-- the entry pointer section goes into this region -->

            <FileMapping Name="*" Options="(SectionForBootstrapOperations)" />
            <FileMapping Name="*" Options="(+RO)" />

        </ExecRegion>

        <!-- skip vector area -->

        <ExecRegion Name="ER_RAM_RO" Base="%RAM_RO_Base%" Options="ABSOLUTE" Size="">

            <FileMapping Name="BooterVectorTable.obj" Options="(+RO, +FIRST)" /> 

            <FileMapping Name="*" Options="(SectionForFlashOperations)" />

        </ExecRegion>

        <ExecRegion Name="ER_RAM_RW" Base="+0" Options="ABSOLUTE" Size="">

            <FileMapping Name="*" Options="(+RW-DATA, +ZI)" />

        </ExecRegion>

        <!-- this must go last here to provide a low water mark on the stack -->

        <ExecRegion Name="ER_STACK_BOTTOM" Base="%Stack_Bottom%" Options="ABSOLUTE" Size="UNINIT">
            <FileMapping Name="*" Options="(SectionForStackBottom)" />
        </ExecRegion>
	    
        <ExecRegion Name="ER_STACK_TOP" Base="%Stack_Top%" Options="ABSOLUTE" Size="UNINIT">
            <FileMapping Name="*" Options="(SectionForStackTop)" />
        </ExecRegion>

    </LoadRegion>

</ScatterFile>
